{
  "total_episodes": 1664,
  "best_eval_reward": 376.63848711838125,
  "final_10_episode_avg_reward": 263.63440161278385,
  "max_episode_reward": 728.8705366672586,
  "min_episode_reward": 0.06270459329646842,
  "mean_episode_reward": 165.30140635229844,
  "mean_episode_length": 180.0528846153846,
  "config": {
    "max_env_steps": 300000,
    "warm_up_steps": 5000,
    "train_interval": 1,
    "train_batch_size": 128,
    "hidden_dim": 128,
    "gamma": 0.99,
    "tau": 0.005,
    "alpha": 0.2,
    "actor_lr": 0.0001,
    "critic_lr": 0.0003
  }
}