{
  "total_episodes": 2036,
  "best_eval_reward": 376.3914502806516,
  "final_10_episode_avg_reward": 259.5648259285265,
  "max_episode_reward": 379.8128211759649,
  "min_episode_reward": 0.061547597925813505,
  "mean_episode_reward": 170.8385151376508,
  "mean_episode_length": 196.27062868369353,
  "config": {
    "max_env_steps": 400000,
    "warm_up_steps": 5000,
    "train_interval": 1,
    "train_batch_size": 128,
    "hidden_dim": 128,
    "gamma": 0.99,
    "tau": 0.005,
    "alpha": 0.02,
    "actor_lr": 0.0001,
    "critic_lr": 0.0003
  }
}