{
  "Baseline SAC": {
    "episode_final_10_mean": 182.73904574202885,
    "episode_final_10_std": 0.0,
    "episode_max_mean": 681.6293299231911,
    "episode_max_std": 24.352732639126486,
    "episode_overall_mean": 131.4833603044758,
    "episode_overall_std": 164.8807204193233,
    "convergence_episodes_mean": 812.6,
    "convergence_episodes_std": 84.82829716550958,
    "eval_final_mean": 228.48423625159307,
    "eval_final_std": 41.10874935583981,
    "eval_best_mean": 331.73661042389165,
    "eval_best_std": 6.142455582952784,
    "summary_final_10_mean": 182.73904574202885,
    "summary_final_10_std": 0.0,
    "summary_max_mean": 681.6293299231911,
    "summary_max_std": 24.352732639126486,
    "summary_eval_best_mean": 331.73661042389165,
    "summary_eval_best_std": 6.142455582952784,
    "summary_eval_best_min": 325.2565826923259,
    "summary_eval_best_max": 342.22263315841616
  },
  "LC-SAC": {
    "episode_final_10_mean": 95.24072967970973,
    "episode_final_10_std": 95.02360559943621,
    "episode_max_mean": 395.3047227089023,
    "episode_max_std": 12.199781403170622,
    "episode_overall_mean": 128.522573229495,
    "episode_overall_std": 167.08737908505802,
    "convergence_episodes_mean": 521.8,
    "convergence_episodes_std": 16.017490440140737,
    "eval_final_mean": 217.38961572023337,
    "eval_final_std": 40.85180505438084,
    "eval_best_mean": 350.1641856833726,
    "eval_best_std": 10.196330991005354,
    "summary_final_10_mean": 95.24072967970973,
    "summary_final_10_std": 95.02360559943621,
    "summary_max_mean": 395.3047227089023,
    "summary_max_std": 12.199781403170622,
    "summary_eval_best_mean": 350.1641856833726,
    "summary_eval_best_std": 10.196330991005354,
    "summary_eval_best_min": 336.11131741541806,
    "summary_eval_best_max": 367.23098678359776
  }
}